{
    "metadata":{
        "uvs":1,
        "version":3,
        "materials":1,
        "generator":"io_three",
        "normals":66,
        "faces":66,
        "type":"Geometry",
        "vertices":62
    },
    "materials":[{
        "depthWrite":true,
        "specularCoef":213,
        "shading":"phong",
        "DbgName":"Material",
        "doubleSided":false,
        "visible":true,
        "colorSpecular":[0.0178567,0.0178567,0.0178567],
        "colorDiffuse":[0.672143,0.672143,0.672143],
        "transparent":false,
        "blending":1,
        "mapDiffuseRepeat":[1,1],
        "wireframe":false,
        "opacity":1,
        "mapDiffuseWrap":["repeat","repeat"],
        "DbgColor":15658734,
        "DbgIndex":0,
        "mapDiffuse":"Diffuse_palette.jpg",
        "colorEmissive":[0,0,0],
        "depthTest":true,
        "mapDiffuseAnisotropy":1
    }],
    "normals":[1,5.64531e-07,8.26976e-08,1,5.61544e-07,8.24314e-08,0.965115,0.25376,0.0644856,0.932384,-0.348823,0.0947731,-0.0273229,0.882867,-0.468827,0.911415,-0.409239,0.042963,0.440279,-0.852055,-0.283121,0.93519,-0.32039,-0.150898,0.886295,-0.441715,0.139172,0.464858,-0.136781,-0.874756,0.168255,-0.498115,-0.85063,0.911128,-0.412121,0.00140475,0.231506,-0.972833,-0.00043131,0.115329,-0.116655,-0.986454,0.233375,-0.972387,-0.000432013,0.911183,-0.411999,0.00140852,0.952328,0.291346,0.0904892,0.0290855,-0.882041,-0.470274,-0.0663606,-0.879911,-0.470482,0.472044,0.834433,-0.284423,0.948093,0.280258,-0.15025,0.904988,0.401751,0.139972,0.441703,0.131037,-0.88754,0.154883,0.432832,-0.88807,0.928493,0.371345,0.00214975,0.274385,0.961619,0.00140865,0.120446,0.113331,-0.98623,0.27266,0.962109,0.00141191,0.928464,0.371416,0.00214842,-0.946741,0.316276,0.0604229,-0.952953,-0.290669,0.0859771,-0.911426,0.409484,0.0403229,-0.93434,-0.354951,0.0319102,-0.476477,-0.831692,-0.285059,-0.94785,-0.278837,-0.154373,-0.905528,-0.401998,0.135708,-0.452037,-0.111019,-0.885063,-0.18788,-0.484034,-0.854642,-0.928494,-0.371341,-0.00215021,-0.274375,-0.961622,-0.00140877,-0.116588,-0.111527,-0.986899,-0.276027,-0.961149,-0.00141592,-0.928511,-0.371298,-0.00214825,0.946728,-0.315701,0.0635575,-0.932401,0.34951,0.0920379,0.9341,0.355158,0.0363414,-0.433521,0.854433,-0.286362,-0.934112,0.322176,-0.153742,-0.886836,0.44146,0.136509,-0.41924,0.145459,-0.896147,-0.13433,0.434884,-0.890411,-0.911131,0.412115,-0.00140502,-0.231491,0.972837,0.0004308,-0.111466,0.118442,-0.986685,-0.229611,0.973282,0.000442459,-0.91105,0.412293,-0.00140721,0.0682498,0.880735,-0.468666,-0.965548,-0.253149,0.0602712,-1,-5.64134e-07,-8.2995e-08,-1,-5.61957e-07,-8.27316e-08,0,0.996884,0.0788792,0,0.868139,0.496321,0,-0.995292,0.0969208,0,-0.734697,-0.678395,0,-0.880556,0.473942,0,0.703026,-0.711164],
    "uvs":[[0.970931,0.313536,0.978749,0.318701,0.98265,0.331657,0.97094,0.327515,0.963112,0.318701,0.960781,0.331657,0.603777,0.0955667,0.59933,0.0882502,0.599258,0.0960689,0.595196,0.0955488,0.592847,0.0995927,0.596317,0.100023,0.573695,0.104686,0.572108,0.105206,0.572278,0.108335,0.591143,0.103269,0.534153,0.109913,0.53583,0.109474,0.535767,0.107671,0.534324,0.107635,0.599357,0.102211,0.599079,0.0997451,0.598101,0.102211,0.550732,0.108218,0.55032,0.10777,0.549925,0.107761,0.550705,0.108209,0.54884,0.107635,0.548885,0.107725,0.299729,0.928725,0.298518,0.928716,0.298518,0.942524,0.299729,0.942533,0.33745,0.927631,0.336419,0.927631,0.336419,0.941215,0.33745,0.941233,0.349044,0.876191,0.3476,0.87594,0.3476,0.876469,0.348434,0.876702,0.33745,0.854232,0.336419,0.854223,0.299729,0.854232,0.298518,0.854223,0.602289,0.100023,0.606297,0.0996017,0.577156,0.108344,0.578752,0.107833,0.578582,0.104695,0.580393,0.108344,0.579021,0.104686,0.544079,0.109904,0.543828,0.107635,0.542456,0.10768,0.542519,0.109465,0.600675,0.102202,0.550355,0.10872,0.550732,0.108703,0.549387,0.108873,0.549441,0.108989,0.301145,0.942524,0.301145,0.928716,0.329927,0.927649,0.329927,0.941251,0.330923,0.941224,0.330923,0.92764,0.349689,0.875644,0.348649,0.875581,0.329927,0.854241,0.330923,0.854223,0.301145,0.854223,0.578967,0.096051,0.579057,0.0882502,0.574717,0.0955757,0.581971,0.100005,0.58588,0.0996017,0.583414,0.0955578,0.575937,0.100005,0.57226,0.0996196,0.570467,0.103287,0.586624,0.103421,0.53739,0.109913,0.537139,0.107644,0.578949,0.102193,0.580267,0.102202,0.57886,0.0997182,0.54754,0.108416,0.547567,0.108398,0.547917,0.107887,0.54754,0.107931,0.293766,0.868049,0.293766,0.854223,0.292394,0.854223,0.292394,0.86804,0.335424,0.92764,0.335424,0.941242,0.349474,0.876765,0.350514,0.876406,0.335424,0.854241,0.293766,0.942614,0.292394,0.942605,0.607068,0.103412,0.540851,0.109904,0.541013,0.107644,0.577667,0.102193,0.547952,0.108864,0.548338,0.108837,0.295057,0.86804,0.295057,0.854223,0.331963,0.92764,0.331963,0.941242,0.350514,0.875877,0.331963,0.854232,0.295057,0.942614,0.570467,0.104686,0.57183,0.108344]],
    "faces":[43,4,5,2,1,0,0,1,2,3,0,0,0,0,43,1,0,3,4,0,3,5,4,0,1,1,1,1,42,28,6,7,0,6,7,8,2,2,2,43,7,8,10,9,0,8,9,10,11,3,3,3,3,42,11,13,12,0,12,13,14,4,4,4,42,9,10,12,0,11,10,15,5,5,5,43,9,13,15,14,0,16,17,18,19,6,6,6,6,43,16,17,9,14,0,20,21,11,22,7,7,7,7,42,7,9,17,0,8,11,21,8,8,8,43,16,14,19,18,0,23,24,25,26,9,9,9,9,43,14,15,20,19,0,24,27,28,25,10,10,10,10,43,21,24,23,22,0,29,30,31,32,11,11,11,11,43,24,26,25,23,0,33,34,35,36,12,12,12,12,43,27,22,23,25,0,37,38,39,40,13,13,13,13,43,19,20,26,24,0,41,42,34,33,14,14,14,14,43,18,19,24,21,0,43,44,30,29,15,15,15,15,43,7,30,29,28,0,8,45,46,6,16,16,16,16,42,30,32,31,0,47,48,49,17,17,17,42,33,31,32,0,50,51,48,18,18,18,43,30,35,34,32,0,52,53,54,55,19,19,19,19,43,16,35,30,17,0,20,56,45,21,20,20,20,20,42,7,17,30,0,8,21,45,21,21,21,43,16,18,36,35,0,23,26,57,58,22,22,22,22,43,35,36,37,34,0,58,57,59,60,23,23,23,23,43,21,22,39,38,0,29,32,61,62,24,24,24,24,43,38,39,41,40,0,63,64,65,66,25,25,25,25,43,27,41,39,22,0,37,67,68,38,26,26,26,26,43,36,38,40,37,0,69,63,66,70,27,27,27,27,43,18,21,38,36,0,43,29,62,71,28,28,28,28,42,42,6,28,0,72,73,74,29,29,29,43,42,11,10,8,0,72,75,76,77,30,30,30,30,42,33,29,31,0,78,79,80,31,31,31,42,11,12,10,0,75,81,76,32,32,32,43,11,43,15,13,0,82,83,18,17,33,33,33,33,43,44,43,11,45,0,84,85,75,86,34,34,34,34,42,42,45,11,0,72,86,75,35,35,35,43,44,47,46,43,0,87,88,89,90,36,36,36,36,43,43,46,20,15,0,90,89,28,27,37,37,37,37,43,48,51,50,49,0,91,92,93,94,38,38,38,38,43,49,50,25,26,0,95,96,35,34,39,39,39,39,43,27,25,50,51,0,37,40,97,98,40,40,40,40,43,46,49,26,20,0,99,95,34,42,41,41,41,41,43,47,48,49,46,0,100,91,94,101,42,42,42,42,42,7,6,8,0,8,7,9,43,43,43,43,42,28,29,33,0,72,74,79,78,44,44,44,44,42,30,31,29,0,45,102,46,45,45,45,43,33,32,34,52,0,103,55,54,104,46,46,46,46,43,44,45,33,52,0,84,86,78,105,47,47,47,47,42,42,33,45,0,72,78,86,48,48,48,43,44,52,53,47,0,87,106,107,88,49,49,49,49,43,52,34,37,53,0,106,60,59,107,50,50,50,50,43,48,55,54,51,0,91,108,109,92,51,51,51,51,43,55,40,41,54,0,110,66,65,111,52,52,52,52,43,27,51,54,41,0,37,98,112,67,53,53,53,53,43,53,37,40,55,0,113,70,66,110,54,54,54,54,43,47,53,55,48,0,100,114,108,91,55,55,55,55,42,9,12,13,0,115,116,13,56,56,56,42,6,42,8,0,73,72,77,57,57,57,43,57,59,60,58,0,0,3,2,1,58,58,58,58,43,56,61,59,57,0,4,5,3,0,59,59,59,59,43,0,61,56,3,0,5,5,4,4,60,60,60,60,43,3,56,57,4,0,4,4,0,0,61,61,61,61,43,5,58,60,2,0,1,1,2,2,62,62,62,62,43,61,0,1,59,0,5,5,3,3,63,63,63,63,43,4,57,58,5,0,0,0,1,1,64,64,64,64,43,2,60,59,1,0,2,2,3,3,65,65,65,65],